Year,Make,Colour,Fuel type,Number of cylinders,Number of seats,GVM weight,Tare weight
2007,Ford,Blue,Petrol - Gas,14,7,1189,4062
2015,Toyota,Beige,Diesel - Electric,5,9,2866,3497
1995,Holden,Black,Diesel - Electric,8,9,5778,1936
2016,Honda,Black,Petrol - Electric,10,13,2609,3074
1996,Suziki,Silver,Diesel,6,11,3395,4966
1990,Isuzu,Silver,Petrol - Electric,3,9,1817,4972
1998,Toyota,White,Gas,9,3,3414,5162
2013,Landrover,Red,Petrol,8,7,5590,5082
1992,Suziki,Black,Petrol,3,12,4860,2244
2009,Nissan,Silver,Diesel,7,4,3779,2791
1985,Nissan,Bronze,Electric,5,8,6573,2418
2021,Landrover,Silver,Petrol - Gas,2,1,4803,1866
2009,Ford,White,Diesel,6,7,4190,5110
1988,Suziki,Blue,Petrol - Electric,9,13,1622,3899
2005,Ford,Beige,Diesel,6,6,6144,3593
2002,Mazda,Silver,Petrol,8,8,4040,5282
2010,Mitsubishi,Beige,Electric,5,4,6663,3981
2003,Volkswagen,Beige,Petrol - Gas,3,4,6727,1411
1995,Honda,Beige,Diesel - Electric,9,10,4218,3883
2020,Volkswagen,Red,Electric,7,4,3852,1744
2015,Skoda,Bronze,Petrol - Gas,6,4,5806,1711
2003,Mazda,Bronze,Electric,10,10,2736,2268
2010,Isuzu,Red,Diesel - Electric,7,11,5790,1196
1985,Suziki,Beige,Petrol,5,10,4880,4927
1985,Toyota,Black,Petrol,9,7,4187,1373
1986,Honda,White,Petrol - Electric,4,2,4191,4603
1996,Kia,Blue,Diesel,7,0,6188,4550
1986,Volkswagen,Silver,Diesel - Electric,5,7,4307,1030
1999,Honda,Black,Petrol,5,9,1690,1293
2011,Isuzu,Beige,Diesel - Electric,4,11,999,3136
2007,Suziki,Black,Diesel,6,4,4772,4070
1995,Honda,Silver,Diesel,12,6,2828,5045
2021,Toyota,Grey,Diesel - Electric,8,7,1251,2159
2014,Honda,Bronze,Petrol - Electric,11,4,6717,4986
1989,Isuzu,Red,Petrol,7,3,5325,1650
1998,Skoda,Black,Diesel - Electric,11,2,5173,4899
1986,Volkswagen,Khaki,Petrol - Gas,7,0,4143,2842
2014,Isuzu,Grey,Petrol - Gas,8,5,5347,2320
2011,Kia,Bronze,Electric,6,6,633,4876
2017,Landrover,Black,Diesel,11,4,3285,4546
2016,Ford,Black,Petrol - Electric,7,5,2937,1183
2016,Honda,Khaki,Petrol - Gas,8,7,2676,1193
2016,Kia,Black,Electric,10,14,5387,2059
1995,Holden,Black,Diesel,4,7,5674,4657
2015,Ford,Grey,Petrol,9,11,1414,1047
2017,Isuzu,Grey,Electric,7,8,3501,2446
2005,Mazda,Khaki,Gas,10,2,695,4593
2012,Toyota,Silver,Petrol,2,2,2537,3610
2020,Landrover,Silver,Petrol - Electric,8,9,6640,1427
2002,Mercedes,Silver,Petrol - Electric,9,7,5354,1740
2018,Suziki,Beige,Petrol - Gas,10,6,2727,5149
1996,Mercedes,White,Diesel,7,5,3209,2191
1997,Mitsubishi,Grey,Diesel,11,2,2201,2502
2021,Mazda,White,Petrol - Gas,9,10,2468,2781
2020,Toyota,Black,Petrol,5,15,2554,4572
2013,Ford,White,Petrol - Electric,10,6,796,3502
2013,Ford,Bronze,Gas,7,12,2331,3815
2000,Volkswagen,Black,Petrol,15,8,2259,2046
2011,Ford,Blue,Petrol - Gas,6,10,956,1350
2011,Holden,Black,Gas,7,6,6032,2163
1997,Holden,Black,Petrol - Electric,8,17,4530,3928
2004,Suziki,Khaki,Electric,5,7,2521,4065
2021,Mitsubishi,Blue,Petrol - Electric,8,6,5014,2389
1988,Landrover,Black,Petrol - Gas,8,9,5540,1844
2016,Ford,Beige,Diesel - Electric,4,14,3310,4835
1999,Skoda,White,Petrol,12,6,1129,1356
2013,Landrover,Silver,Diesel,4,3,6505,4053
1998,Toyota,Red,Petrol - Gas,10,18,5311,3577
2020,Suziki,White,Petrol - Electric,10,8,2540,2243
1985,Ford,Silver,Electric,14,5,5625,1453
1989,Honda,Beige,Petrol - Electric,12,5,6518,1831
1986,Honda,Beige,Diesel,7,6,6984,2370
1985,Mercedes,White,Petrol - Electric,8,12,4636,1818
1993,Toyota,Black,Electric,8,12,5123,1013
2003,Kia,Blue,Diesel,8,10,4466,1530
1985,BMW,Bronze,Electric,4,6,4020,2297
1996,Ford,Red,Petrol,11,4,5112,2814
1995,Mitsubishi,Bronze,Diesel,2,4,512,3024
1991,Kia,Silver,Petrol - Gas,4,1,1999,2099
2000,Volkswagen,Silver,Diesel - Electric,7,7,1890,3608
2000,Volkswagen,Khaki,Petrol - Electric,6,8,5521,3767
2002,Toyota,Bronze,Petrol,7,7,2384,1466
2013,Mitsubishi,Beige,Petrol,6,2,2158,1782
2018,Nissan,Grey,Petrol,2,7,3830,4794
2015,Holden,Beige,Electric,10,1,2217,3693
2000,Mitsubishi,Red,Diesel,6,7,6499,2423
2013,Toyota,White,Electric,3,12,2369,3692
2012,Ford,Red,Petrol,8,3,1792,3890
2006,Kia,Red,Petrol - Electric,7,9,5864,1294
2018,Toyota,Khaki,Electric,6,8,4071,2450
1989,Mazda,Khaki,Petrol,3,10,2132,4354
2017,Isuzu,Red,Diesel - Electric,5,4,675,4001
2001,Ford,Silver,Petrol,5,9,4742,3730
1987,Isuzu,White,Petrol,11,7,1024,2603
2001,Honda,Bronze,Diesel - Electric,1,3,5577,5269
1996,Isuzu,Black,Petrol,5,0,3616,2853
2013,Holden,White,Electric,12,4,6311,2805
2010,Ford,Khaki,Petrol,5,9,5620,4931
1996,Toyota,Black,Petrol - Gas,11,2,5712,3938
2014,Skoda,Black,Petrol - Gas,8,2,1964,5290
1988,Mercedes,Red,Petrol - Gas,10,7,6536,4492
2019,Holden,Beige,Petrol - Electric,10,6,806,4818
2005,Toyota,White,Electric,12,3,2836,2501
1994,Volkswagen,Black,Gas,10,4,2232,3392
1992,Kia,Black,Diesel - Electric,4,8,1157,4258
2010,Ford,Silver,Petrol - Gas,9,3,2708,2205
1990,Mazda,Grey,Petrol - Gas,14,15,1373,2046
2011,Mitsubishi,Bronze,Gas,5,6,2732,2439
1985,Nissan,Grey,Petrol - Electric,2,1,4639,2957
2013,Ford,Bronze,Petrol - Electric,9,0,3427,4482
1995,Isuzu,Red,Petrol - Gas,3,2,2374,4301
2021,Volkswagen,Black,Electric,3,8,2843,1138
2015,Ford,Silver,Petrol,8,3,4128,3401
2005,Skoda,Silver,Petrol - Gas,14,4,4350,1300
2018,Mitsubishi,Red,Diesel - Electric,11,4,4282,2713
2005,Holden,Red,Diesel - Electric,7,4,1098,2928
2001,Skoda,Black,Petrol,9,3,2717,5231
2003,Ford,Black,Gas,7,6,1147,4809
1985,Mitsubishi,Beige,Electric,6,8,5530,1494
1991,Skoda,Black,Petrol - Gas,2,3,3470,2080
1991,Ford,Blue,Petrol,7,2,6646,2912
1988,Mazda,Grey,Gas,9,5,6105,3328
2004,Mercedes,Black,Diesel,5,4,1209,4826
1992,Toyota,Black,Diesel,11,8,4311,2376
2017,Ford,Bronze,Electric,10,8,6957,3255
2013,Holden,Black,Petrol - Gas,10,1,6467,4337
1998,Landrover,Grey,Petrol - Electric,8,3,2003,4738
2014,Suziki,White,Petrol - Gas,7,6,6752,1678
2017,Mazda,Black,Petrol - Gas,1,5,1924,3398
2008,Skoda,Khaki,Gas,7,5,5247,1262
2013,Toyota,Black,Gas,10,10,3231,3323
2006,Isuzu,Blue,Petrol,4,7,1877,2199
2018,Mitsubishi,Black,Diesel - Electric,4,6,1708,4118
2005,Kia,Khaki,Diesel - Electric,6,6,2128,2351
1988,Holden,Black,Petrol - Gas,10,7,3097,3971
2008,BMW,Black,Diesel - Electric,3,8,5475,2526
1991,Ford,Silver,Electric,13,5,4940,2023
2001,Ford,Khaki,Petrol - Electric,6,5,5177,4777
2008,BMW,Silver,Petrol - Electric,8,5,3777,2933
2006,Mazda,Silver,Gas,7,12,5144,1724
2003,Suziki,Red,Diesel - Electric,8,14,3837,3225
1987,Honda,Silver,Gas,9,8,1722,2880
2010,Ford,Blue,Diesel,7,12,3167,3618
1985,Mazda,Beige,Petrol - Gas,6,8,6985,2301
1992,Toyota,Black,Diesel - Electric,5,10,1058,3268
2000,Kia,White,Petrol - Gas,8,9,6438,4272
2009,Volkswagen,Khaki,Petrol,4,1,3315,2044
1991,Toyota,Red,Electric,9,1,3739,4505
1995,Holden,Blue,Electric,7,5,6693,4967
2013,Mercedes,Black,Petrol,8,5,6011,4405
2010,Suziki,Grey,Diesel - Electric,9,7,2509,1721
2001,Isuzu,Black,Petrol,4,7,4938,3984
2015,Holden,Grey,Diesel,7,7,1151,2186
1991,Toyota,Silver,Petrol - Gas,10,2,1033,3298
1998,Holden,Red,Petrol,9,18,4708,5227
1996,Holden,Beige,Petrol - Gas,7,2,506,3252
2000,Holden,Grey,Diesel,13,3,3097,2629
2002,Isuzu,Bronze,Electric,15,0,4182,2532
2008,Holden,Red,Petrol,7,13,3663,1041
2008,Holden,Silver,Petrol,10,6,3511,1484
2014,BMW,Black,Electric,7,10,4201,4170
2010,Volkswagen,Red,Petrol,4,3,6709,4454
2006,BMW,White,Petrol,4,3,1280,2507
2000,Kia,Blue,Diesel,7,5,2229,2651
2004,Mazda,Beige,Diesel - Electric,5,7,4723,2762
1989,Volkswagen,Grey,Diesel - Electric,17,0,1958,1543
1994,Suziki,Bronze,Diesel - Electric,11,0,768,3655
2018,Landrover,Red,Electric,9,2,6017,2562
2018,Honda,Silver,Diesel - Electric,3,1,5587,1782
1995,Toyota,Beige,Petrol,11,5,4125,5046
2000,Ford,Blue,Petrol,6,4,1925,3998
1995,Toyota,Silver,Petrol,10,1,6402,2251
1985,Landrover,Red,Petrol - Gas,9,5,2169,3945
2003,Holden,Khaki,Petrol - Gas,7,6,3918,2614
1986,Nissan,Beige,Petrol - Electric,5,11,754,4352
2011,Nissan,Black,Petrol - Gas,7,7,5591,4172
2011,Toyota,Red,Petrol - Gas,2,3,3812,3231
2003,Isuzu,Bronze,Petrol,11,6,5568,2069
1994,Holden,Blue,Diesel,7,14,3430,4986
2001,Suziki,Khaki,Petrol - Electric,9,9,5369,1087
2017,Kia,White,Gas,8,9,1676,3002
2004,Ford,White,Electric,10,18,5471,3317
1999,Skoda,Bronze,Diesel - Electric,5,3,2332,2289
1990,Toyota,Beige,Petrol - Gas,3,4,3139,3241
2002,Mercedes,White,Gas,8,12,4560,3571
2014,Holden,White,Petrol,7,8,6383,3723
1989,Ford,Bronze,Petrol - Electric,6,11,1667,4992
1999,Mitsubishi,White,Diesel - Electric,9,6,2442,2569
2017,Kia,Silver,Diesel,6,8,5275,3151
1996,Kia,Silver,Petrol - Gas,4,12,4374,1261
1998,Toyota,White,Electric,10,14,6095,2809
1990,Mercedes,Beige,Diesel - Electric,12,8,1618,4387
2014,Toyota,Blue,Electric,9,4,1701,2356
1996,Isuzu,Black,Petrol,7,1,3659,5267
2021,Mazda,Black,Diesel,9,12,5871,3184
2009,Mercedes,Black,Diesel,4,12,2677,3417
1989,Kia,Silver,Petrol,7,2,4955,2668
2008,Kia,Khaki,Petrol,4,4,1014,2519
1987,Volkswagen,Black,Petrol - Gas,7,11,3285,4895
1986,Kia,Khaki,Petrol - Electric,10,7,793,2940
2019,Mazda,Beige,Diesel,8,3,3926,2961
1992,Nissan,Grey,Petrol,6,5,6455,3323
1998,Mercedes,Beige,Diesel - Electric,5,0,2306,2682
1994,Toyota,Red,Diesel - Electric,2,2,3307,4297
1999,Holden,Grey,Petrol,1,7,1768,4514
1988,Volkswagen,White,Electric,6,8,2760,1115
2008,Ford,White,Petrol,12,1,3032,2601
2017,Mazda,Blue,Petrol,9,1,4716,2517
1989,Holden,Blue,Petrol,14,2,4534,3377
1992,BMW,Black,Gas,3,4,6809,3786
2001,Mazda,Beige,Electric,6,0,1993,1292
2004,BMW,Beige,Petrol - Gas,5,10,3758,1164
2014,Kia,Grey,Petrol - Gas,11,11,2848,2199
2001,Landrover,White,Petrol,2,1,1158,2520
2007,Volkswagen,Bronze,Petrol - Gas,6,7,1989,1662
2010,Kia,Bronze,Petrol - Gas,6,4,5696,4414
1998,Toyota,Beige,Petrol,13,0,1201,2464
2016,Kia,Black,Petrol - Gas,6,4,3517,1140
2003,Kia,Silver,Diesel - Electric,9,8,6295,2963
1995,Isuzu,Black,Diesel,11,10,3879,4642
2004,Isuzu,White,Petrol - Gas,4,3,4643,3658
1994,Volkswagen,White,Electric,9,6,5921,3619
2000,Isuzu,White,Petrol,11,7,3995,1946
1985,Volkswagen,Silver,Petrol,6,5,5718,1699
1993,Mazda,White,Petrol - Electric,9,13,1411,1089
2016,Mazda,Grey,Diesel - Electric,5,9,5667,1352
1986,BMW,Bronze,Petrol,5,2,850,1878
2008,Mercedes,Silver,Electric,10,10,2576,2626
1991,Mitsubishi,Black,Petrol - Gas,11,15,4850,3940
1993,Holden,Khaki,Petrol - Electric,8,8,4794,1584
2015,Honda,Bronze,Petrol,4,11,6481,4448
2008,Toyota,Bronze,Diesel - Electric,5,1,3628,4509
2002,Isuzu,Black,Electric,5,8,5510,4577
1987,Mazda,Red,Petrol - Electric,8,14,592,4480
2009,Kia,Khaki,Diesel - Electric,8,5,4728,2159
2011,Skoda,White,Electric,10,7,4078,4430
1996,Nissan,White,Petrol,6,6,3768,2127
2020,BMW,White,Petrol,8,10,5344,4382
2005,Ford,Red,Petrol - Gas,9,7,1008,1284
2019,Isuzu,Blue,Petrol - Electric,2,8,5687,4715
1988,Suziki,Grey,Petrol,5,13,3733,3624
1995,Skoda,Black,Petrol - Electric,6,16,1432,1971
1993,Holden,Red,Diesel,10,1,3379,4656
2000,Toyota,Beige,Petrol - Gas,8,3,2627,4667
2009,Toyota,Red,Petrol - Electric,3,2,5689,3319
2007,Honda,Khaki,Petrol,0,8,5175,3268
1991,Honda,White,Diesel - Electric,9,9,3268,2348
2009,Volkswagen,White,Electric,8,11,6602,5266
2014,Toyota,White,Petrol,8,3,1167,4695
2014,Honda,Red,Petrol,1,4,4325,5125
2018,Honda,White,Diesel - Electric,5,10,1708,1416
2015,Mercedes,White,Diesel,5,4,1437,5273
1992,Volkswagen,Khaki,Petrol,7,5,2060,4173
2007,Ford,Red,Petrol - Electric,7,4,6270,1555
2000,Landrover,Silver,Electric,7,5,780,2472
1999,Holden,Beige,Petrol - Gas,7,12,2824,2404
2000,Suziki,White,Electric,4,0,4760,1789
2016,Suziki,White,Petrol - Electric,13,12,1721,2128
2011,BMW,Khaki,Petrol,7,9,5948,2037
2019,Holden,White,Diesel,11,8,3464,2264
1996,Holden,Blue,Diesel - Electric,7,4,4770,2968
2019,Honda,Silver,Petrol,4,6,3004,1345
1986,Toyota,Grey,Petrol,8,8,2042,4334
1985,Honda,Khaki,Electric,8,5,2030,4927
1995,Holden,Black,Petrol,4,13,3116,4631
2013,Holden,Bronze,Electric,4,16,6394,5054
2011,Kia,Red,Electric,10,12,6423,4838
2005,Mazda,Grey,Gas,8,5,1010,4141
2020,Mitsubishi,Red,Petrol - Gas,10,13,1330,2971
2017,Mazda,Grey,Diesel,2,4,4608,3854
2005,Landrover,Silver,Petrol - Electric,6,9,6916,2027
2004,Isuzu,Black,Gas,8,10,6474,3081
1987,Skoda,Grey,Petrol - Gas,4,10,5125,4118
2003,Mazda,Blue,Diesel,6,16,2184,1397
1997,Volkswagen,Silver,Petrol - Electric,10,10,2878,4805
2017,Mazda,Red,Petrol,7,3,5496,1635
2003,Skoda,Black,Petrol,5,12,4550,2699
1999,Mercedes,White,Diesel,10,8,644,3541
1996,Mitsubishi,Red,Petrol - Electric,5,11,5812,2767
2014,Mazda,White,Petrol - Electric,8,3,1060,1088
2006,Holden,Blue,Gas,7,7,6119,1104
2018,Mercedes,Black,Diesel,5,10,6442,1990
2005,Mazda,Khaki,Diesel - Electric,6,15,3179,3886
2020,Mazda,Red,Petrol,8,8,5790,5244
1990,Holden,White,Petrol - Gas,4,9,2204,5011
2015,Mazda,White,Petrol - Gas,6,8,4390,1452
2006,Mitsubishi,Red,Petrol,9,4,6720,2297
2015,Honda,White,Electric,10,9,6072,3550
1994,Holden,Grey,Petrol - Electric,7,5,5113,2890
1995,Holden,White,Gas,7,6,936,4853
2007,Mercedes,Blue,Diesel - Electric,11,5,1363,2828
2003,BMW,Beige,Diesel - Electric,9,6,4374,4688
1990,Suziki,Silver,Electric,5,11,5662,3835
1987,Volkswagen,Beige,Petrol,11,8,1613,3863
1996,Honda,White,Petrol,8,7,2791,1300
2015,Suziki,Black,Diesel,8,5,3722,3499
2021,Isuzu,Red,Diesel,8,2,2705,1940
2013,Volkswagen,White,Petrol,7,5,4173,3958
2019,Kia,Red,Petrol - Electric,10,4,4622,5266
2020,Nissan,Khaki,Diesel,4,3,5754,1288
2013,BMW,Blue,Electric,8,12,5135,2535
2010,Isuzu,Beige,Petrol,7,11,1050,2532
2001,Landrover,Red,Electric,6,7,4800,3956
1997,Honda,Black,Diesel - Electric,8,10,3792,3737
2016,Skoda,Khaki,Electric,6,7,943,1381
1990,Mercedes,Grey,Petrol,8,10,5977,2810
2003,Toyota,Silver,Electric,15,3,1306,2521
2012,Skoda,Black,Petrol - Gas,0,8,4227,5236
2016,Honda,White,Electric,8,11,4537,1575
2005,Honda,Grey,Diesel - Electric,9,6,5642,5147
2005,Nissan,Beige,Diesel,8,8,1636,2501
2011,Toyota,Beige,Petrol,6,10,6821,3167
2000,Isuzu,Grey,Diesel - Electric,7,7,6011,1892
2016,Mercedes,Grey,Diesel,10,9,2430,1461
1991,Nissan,Beige,Diesel,14,2,6376,3283
2007,Mazda,Grey,Electric,7,11,971,1334
1993,Mazda,Beige,Electric,12,6,1049,4748
2001,Ford,Red,Petrol - Electric,0,12,963,4222
1985,Toyota,Grey,Gas,8,9,2271,5215
2004,Toyota,Red,Diesel,1,2,6272,4358
2021,Mitsubishi,Silver,Diesel - Electric,6,5,611,4397
2007,BMW,Silver,Petrol - Gas,6,3,3446,5136
1988,Ford,Grey,Petrol,5,12,2428,2159
2000,Nissan,Blue,Petrol - Electric,10,17,1103,4382
2007,Suziki,Silver,Petrol - Electric,2,13,2775,1388
1986,Suziki,Bronze,Petrol,3,10,2996,4470
1993,Isuzu,Black,Petrol - Electric,2,2,3450,2990
2015,Mercedes,Black,Petrol,4,6,3243,5022
2009,Toyota,White,Petrol,8,6,6086,4207
1988,Mitsubishi,Bronze,Diesel - Electric,9,11,1227,3444
1996,Volkswagen,Khaki,Petrol,7,3,561,2050
2010,Mazda,Silver,Diesel - Electric,5,5,1024,1985
1993,Ford,White,Electric,9,7,6092,3515
2013,Kia,Khaki,Petrol,7,4,6110,2585
2010,Mercedes,Grey,Diesel,12,9,2637,2162
2007,Mitsubishi,White,Diesel,5,1,1170,2189
1985,Volkswagen,Bronze,Petrol - Electric,12,6,5227,1526
2002,Mercedes,White,Electric,9,9,5215,2659
1999,Kia,Silver,Petrol - Gas,5,4,4415,4467
2010,Holden,Khaki,Petrol - Gas,5,5,4573,4802
1995,Holden,Khaki,Petrol - Electric,7,4,5520,3863
1990,Honda,White,Petrol - Electric,6,11,3553,3632
2015,Skoda,Silver,Petrol - Electric,5,4,4385,2013
2008,Isuzu,Grey,Electric,2,1,3218,4645
2018,Ford,Silver,Electric,6,8,5193,1536
2014,Isuzu,Silver,Diesel,10,9,6133,1713
2006,Toyota,Blue,Electric,10,4,4473,2554
2012,Honda,Grey,Diesel - Electric,6,8,5317,1567
1995,Mercedes,White,Petrol - Electric,10,1,2841,5240
2015,Ford,Bronze,Diesel - Electric,4,6,2114,4554
2016,Toyota,White,Diesel - Electric,14,2,3787,4559
2008,Suziki,Grey,Petrol - Electric,10,4,5381,4811
1996,Isuzu,Bronze,Petrol - Electric,9,5,2128,4085
1991,Volkswagen,Red,Diesel - Electric,1,14,6091,2421
2015,Nissan,Black,Petrol - Gas,4,1,6948,5267
2018,Skoda,Black,Petrol - Electric,9,6,6061,3271
1993,Holden,Silver,Diesel,7,7,1648,1893
2011,Honda,Blue,Petrol - Gas,10,10,5164,5174
1990,Nissan,Blue,Diesel - Electric,7,7,2486,3078
2020,Holden,Blue,Diesel,12,3,6661,4440
1992,Ford,White,Electric,10,8,874,5279
2012,Skoda,Bronze,Gas,7,5,5963,3549
1988,Kia,Bronze,Petrol,10,4,1934,4000
2015,Isuzu,Khaki,Petrol,6,4,3229,2468
1985,Kia,Silver,Petrol - Electric,5,11,3894,1655
1993,Isuzu,Grey,Petrol,5,2,3457,3814
2005,Toyota,White,Petrol,7,6,6527,4941
1994,Mazda,Khaki,Petrol - Gas,9,8,4589,1724
2014,Skoda,Red,Petrol,10,6,6657,1326
2000,Ford,Beige,Diesel - Electric,7,2,881,2505
2011,Ford,Blue,Diesel - Electric,4,7,4234,4131
2001,BMW,White,Petrol,9,11,1353,2608
1999,Volkswagen,Red,Electric,2,8,4783,4623
1986,Kia,Beige,Petrol,10,8,916,5133
2019,Mazda,Grey,Petrol - Gas,16,2,2906,1994
2021,Honda,White,Petrol,5,6,4244,4307
2015,Suziki,Black,Diesel - Electric,4,7,4081,3158
1997,Nissan,Black,Gas,6,8,5754,1912
1988,Holden,Red,Diesel,6,12,5005,4408
2019,Volkswagen,White,Petrol - Gas,10,7,2881,2724
1988,Volkswagen,Khaki,Petrol - Gas,9,8,3311,4201
2011,Kia,Grey,Diesel,8,2,1114,1678
2006,Holden,Red,Petrol - Gas,2,11,6838,1992
2005,Volkswagen,Blue,Diesel - Electric,8,6,6073,2444
2019,Ford,Bronze,Gas,6,14,2153,5323
2020,Isuzu,Blue,Petrol - Electric,3,3,1504,1596
1997,Mercedes,Red,Diesel - Electric,4,3,5886,4148
1999,Kia,Khaki,Petrol - Electric,7,5,736,3324
2005,Volkswagen,Khaki,Petrol - Electric,5,8,5417,4070
2004,Mazda,Grey,Petrol,8,7,2368,4733
2000,Kia,Silver,Diesel - Electric,3,12,1659,4455
2007,Isuzu,White,Diesel - Electric,8,3,5843,2073
2007,Isuzu,Blue,Diesel,11,0,4952,1133
2001,Honda,Bronze,Gas,7,2,1146,5297
2019,Skoda,White,Petrol - Gas,4,3,4203,2706
2013,Kia,Khaki,Diesel - Electric,5,5,3729,4978
2009,Kia,Silver,Diesel,7,5,1343,4923
1996,Holden,Beige,Diesel - Electric,7,10,1483,1083
1988,Holden,Silver,Diesel - Electric,9,12,6521,3156
2008,Mitsubishi,Beige,Diesel,4,3,1493,1741
2013,Isuzu,Black,Petrol - Electric,5,7,532,1401
1998,Skoda,Khaki,Diesel - Electric,4,1,4316,1264
1988,Ford,Khaki,Petrol - Electric,10,11,4549,3482
2002,Suziki,Grey,Electric,3,9,2737,2413
2003,Toyota,Blue,Diesel,7,6,997,5035
2008,Isuzu,Bronze,Diesel - Electric,14,7,1756,2513
2008,Volkswagen,Red,Petrol,9,13,4097,1045
2008,Ford,Grey,Petrol - Electric,12,7,2774,4203
1999,Honda,Blue,Petrol - Gas,5,12,4043,1965
2000,Mazda,Blue,Petrol - Electric,13,6,3723,3708
1995,Volkswagen,White,Petrol,10,11,5146,2060
2000,Mazda,Bronze,Petrol - Gas,4,9,2400,4514
1990,Toyota,Black,Petrol,8,9,4275,3960
2006,Skoda,Silver,Diesel - Electric,7,9,6448,3128
1989,Suziki,Blue,Petrol - Gas,9,8,847,4815
2003,Nissan,Grey,Diesel,9,6,1135,5087
2017,Mitsubishi,Black,Petrol,10,9,674,4989
2004,Ford,White,Petrol,2,13,5899,1002
2007,Ford,Bronze,Petrol - Gas,5,2,5176,5053
2018,Mazda,Silver,Petrol,2,7,742,4115
2004,Mazda,Silver,Diesel - Electric,11,7,6432,4300
2008,Mitsubishi,White,Petrol - Electric,13,11,4509,4035
2005,Skoda,Khaki,Petrol,7,5,1672,3865
1991,BMW,Khaki,Electric,12,8,6816,4487
2020,Kia,Beige,Diesel,5,8,683,1466
2003,Toyota,Black,Petrol,2,8,5101,4953
1998,Toyota,Black,Petrol,10,5,2267,2625
2014,Holden,Black,Petrol,6,10,500,2531
1997,Mercedes,Grey,Petrol - Electric,7,0,1525,2685
2017,Skoda,White,Petrol - Gas,8,4,4835,3117
2021,Landrover,Grey,Diesel,2,7,3868,1842
1985,Volkswagen,Beige,Electric,9,12,3006,2834
2021,Mitsubishi,Bronze,Diesel,7,8,5044,2650
2001,Suziki,Red,Petrol - Electric,14,5,5941,3713
2012,Isuzu,Black,Diesel - Electric,9,2,1295,3693
1997,Nissan,Black,Petrol,8,4,3104,4265
1987,Skoda,Red,Diesel,6,13,2519,4543
1985,Mazda,Red,Petrol,6,4,748,1820
1999,Suziki,Silver,Petrol,3,11,805,2748
2011,Skoda,Grey,Electric,5,3,2353,2420
2009,Nissan,Beige,Petrol - Electric,7,8,3959,1669
2019,Suziki,Black,Gas,10,13,1918,4418
2019,Mazda,Silver,Diesel - Electric,1,3,2974,5276
2021,Mazda,Silver,Petrol - Electric,4,3,5648,4169
1998,Mercedes,Silver,Petrol - Electric,10,3,6810,2411
1992,Landrover,Silver,Diesel,3,10,3273,2931
2021,Skoda,Blue,Diesel - Electric,11,5,5103,2160
2020,Isuzu,Khaki,Diesel - Electric,3,6,1864,1596
2016,Honda,Bronze,Electric,4,11,1785,1322
1989,Toyota,Silver,Petrol,7,15,5489,3735
1994,Toyota,Bronze,Gas,5,2,6423,1953
1995,Kia,Black,Electric,9,7,4210,3152
2010,Suziki,Grey,Electric,3,4,2306,1935
2006,Toyota,Bronze,Petrol - Gas,8,6,4605,1314
2010,Isuzu,White,Electric,6,5,6287,3706
1986,Landrover,Grey,Diesel - Electric,8,11,6355,1512
1987,Volkswagen,White,Diesel - Electric,7,2,1758,3266
2009,Isuzu,Black,Electric,8,11,5384,1982
1997,Toyota,Bronze,Diesel - Electric,7,9,2179,2020
1991,Holden,Beige,Petrol,10,6,3453,2459
2016,Volkswagen,White,Petrol,9,11,4156,1969
1985,Suziki,Grey,Petrol,1,13,2376,1800
2007,Mazda,Beige,Petrol,7,14,1091,2712
1986,Kia,Grey,Petrol - Gas,5,11,6720,1519
1992,Volkswagen,Bronze,Petrol - Electric,15,1,2811,4147
1993,Holden,White,Diesel - Electric,4,5,5361,1389
2019,Toyota,White,Diesel,7,11,1885,3387
1991,Kia,Black,Diesel - Electric,9,6,6656,4900
2013,Nissan,White,Diesel,9,8,5243,5117
2007,Kia,Blue,Diesel,12,5,1749,2318
2019,Isuzu,Black,Diesel,3,3,8930,1245
2021,Isuzu,Black,Diesel,1,3,8397,1219
2019,Isuzu,Black,Diesel,3,2,8850,1033
2020,Isuzu,Black,Diesel,2,3,8051,1149
2019,Isuzu,Black,Diesel,1,1,7248,1442
2021,Isuzu,Black,Diesel,2,2,8550,594
2021,Isuzu,Black,Diesel,3,1,8514,431
2020,Isuzu,Black,Diesel,4,3,7144,532
2021,Isuzu,Black,Diesel,1,2,7456,486
2021,Isuzu,Black,Diesel,1,2,7789,629
2021,Isuzu,Black,Diesel,4,1,8778,948
2021,Isuzu,Black,Diesel,3,1,8701,1105
2019,Isuzu,Black,Diesel,2,1,8656,1194
2020,Isuzu,Black,Diesel,1,3,7058,1471
2020,Isuzu,Black,Diesel,2,3,8655,1010
2021,Isuzu,Black,Diesel,1,2,8711,1338
2020,Isuzu,Black,Diesel,1,1,7878,1431
2021,Isuzu,Black,Diesel,4,2,7766,1329
2019,Isuzu,Black,Diesel,4,2,8510,656
2019,Isuzu,Black,Diesel,4,1,8848,627
2020,Isuzu,Black,Diesel,3,1,7036,250
2021,Isuzu,Black,Diesel,2,3,8161,376
2020,Isuzu,Black,Diesel,3,2,7143,489
2019,Isuzu,Black,Diesel,2,1,8669,807
2019,Isuzu,Black,Diesel,2,2,8060,1477
2020,Isuzu,Black,Diesel,4,1,7882,725
2021,Isuzu,Black,Diesel,4,3,8061,232
2020,Isuzu,Black,Diesel,3,2,7538,218
2021,Isuzu,Black,Diesel,3,2,7682,829
2019,Isuzu,Black,Diesel,2,2,7115,689